<edmx:Edmx Version="1.0" xmlns:edmx="http://schemas.microsoft.com/ado/2007/06/edmx" xmlns:m="http://schemas.microsoft.com/ado/2007/08/dataservices/metadata" xmlns:sap="http://www.sap.com/Protocols/SAPData">
    <edmx:DataServices m:DataServiceVersion="2.0">
        <Schema Namespace="05a40da7296bcb5f1138b3c8" xml:lang="en" sap:schema-version="0000" xmlns="http://schemas.microsoft.com/ado/2008/09/edm">
            <EntityContainer Name="05a40da7296bcb5f1138b3c8_Entities" m:IsDefaultEntityContainer="true">
                <EntitySet Name="Sheet1Set" EntityType="05a40da7296bcb5f1138b3c8.Sheet1" sap:creatable="true" sap:updatable="true" sap:deletable="true"/>
                <EntitySet Name="ObjectSet" EntityType="05a40da7296bcb5f1138b3c8.Object" sap:creatable="true" sap:updatable="true" sap:deletable="true"/>
            </EntityContainer>
            <EntityType Name="Sheet1">
                <Key>
                    <PropertyRef Name="ID"/>
                </Key>
                <Property Name="ID" Type="Edm.String" sap:creatable="true" sap:updatable="true" sap:deletable="true" sap:label="ID"/>
                <Property Name="ORGANIZATION" Type="Edm.String" sap:creatable="true" sap:updatable="true" sap:deletable="true" sap:label="ORGANIZATION"/>
                <Property Name="DONATIONS" Type="Edm.String" sap:creatable="true" sap:updatable="true" sap:deletable="true" sap:label="DONATIONS"/>
            </EntityType>
            <EntityType Name="Object">
                <Key>
                    <PropertyRef Name="ID"/>
                </Key>
                <Property Name="ID" Type="Edm.String" sap:creatable="true" sap:updatable="true" sap:deletable="true" sap:label="ID"/>
            </EntityType>
        </Schema>
    </edmx:DataServices>
</edmx:Edmx>
