[{"ID":"CENTRAL BANK OF NIGERIA","ORGANIZATION":"CBN","DONATIONS":"  2,000,000,000.00 "},{"ID":"ALIKO DANGOTE","ORGANIZATION":"DANGOTE INDUSTRIES LIMITED","DONATIONS":"  2,000,000,000.00 "},{"ID":"FLOOD RELIEF FUND","ORGANIZATION":"FLOOD RELIEF FUND","DONATIONS":"  1,500,000,000.00 "},{"ID":"ABDULSAMAD RABIU","ORGANIZATION":"BUA SUGAR REFINERY LIMITED","DONATIONS":"  1,000,000,000.00 "},{"ID":"SEGUN AGABJE","ORGANIZATION":"GUARANTY TRUST BANK","DONATIONS":"  1,000,000,000.00 "},{"ID":"TONY ELUMELU","ORGANIZATION":"UNITED BANK OF AFRICA","DONATIONS":"  1,000,000,000.00 "},{"ID":"OBA OTEDEKO","ORGANIZATION":"FIRST BANK OF NIGERIA","DONATIONS":"  1,000,000,000.00 "},{"ID":"JIM OVIA","ORGANIZATION":"ZENITH BANK","DONATIONS":"  1,000,000,000.00 "},{"ID":"MODUPE AND FOLORUNSHO ALAKIJA","ORGANIZATION":"FAMFA OIL LIMITED","DONATIONS":"  1,000,000,000.00 "},{"ID":"NDIC","ORGANIZATION":"NIGERIA DEPOSIT INSURANCE COPORATION","DONATIONS":"  1,000,000,000.00 "},{"ID":"HERBERT WIGWE","ORGANIZATION":"ACCESS BANK PLC","DONATIONS":"  1,000,000,000.00 "},{"ID":"MIKE ADENUGA","ORGANIZATION":"GLOBACOM","DONATIONS":"  1,000,000,000.00 "},{"ID":"FEMI OTEDOLA","ORGANIZATION":"AMPERION POWER DISTRIBUTION LTD","DONATIONS":"  1,000,000,000.00 "},{"ID":"RAJ GUPTA","ORGANIZATION":"AFRICAN STEEL MILLS NIG. LIMITED","DONATIONS":"  1,000,000,000.00 "},{"ID":"MTN NIGERIA PLC","ORGANIZATION":"MTN NIGERIA PLC","DONATIONS":"  1,000,000,000.00 "},{"ID":"JOHN COUMANTATOUS","ORGANIZATION":"FLOUR MILLS OF NIG LTD","DONATIONS":"  1,000,000,000.00 "},{"ID":"DEJI ADELEKE","ORGANIZATION":"PACIFIC HOLDING LTD","DONATIONS":"  500,000,000.00 "},{"ID":"FRIESLAND CAMPINA WAMCO","ORGANIZATION":"FRIESLAND CAMPINA WAMCO","DONATIONS":"  500,000,000.00 "},{"ID":"BANK OF INDUSTRY","ORGANIZATION":"BANK OF INDUSTRY","DONATIONS":"  500,000,000.00 "},{"ID":"TOLARAM AFRICA ENTERPRISE LTD","ORGANIZATION":"TOLARAM AFRICA ENTERPRISE LTD","DONATIONS":"  500,000,000.00 "},{"ID":"RAHUL SAVARA","ORGANIZATION":"WACOT RICE LTD","DONATIONS":"  500,000,000.00 "},{"ID":"UNION BANK PLC","ORGANIZATION":"UNION BANK PLC","DONATIONS":"  250,000,000.00 "},{"ID":"STERLING BANK PLC","ORGANIZATION":"STERLING BANK PLC","DONATIONS":"  250,000,000.00 "},{"ID":"STANDARD CHARTERED BANK","ORGANIZATION":"STANDARD CHARTERED BANK","DONATIONS":"  250,000,000.00 "},{"ID":"STANBIC IBTC","ORGANIZATION":"STANBIC IBTC","DONATIONS":"  250,000,000.00 "},{"ID":"CITIBANK NIGERIA LTD","ORGANIZATION":"CITIBANK NIGERIA LTD","DONATIONS":"  250,000,000.00 "},{"ID":"FCMB","ORGANIZATION":"FCMB","DONATIONS":"  250,000,000.00 "},{"ID":"FIDELITY BANK","ORGANIZATION":"FIDELITY BANK","DONATIONS":"  250,000,000.00 "},{"ID":"ECOBANK PLC","ORGANIZATION":"ECOBANK PLC","DONATIONS":"  250,000,000.00 "},{"ID":"AFRICA FINANCE CORPORATION","ORGANIZATION":"AFRICA FINANCE CORPORATION","DONATIONS":"  250,000,000.00 "},{"ID":"MULTICHOICE NIGERIA LIMITED","ORGANIZATION":"MULTICHOICE NIGERIA LIMITED","DONATIONS":"  200,000,000.00 "},{"ID":"APM TERMINALS APAPA LIMITED","ORGANIZATION":"APM TERMINALS APAPA LIMITED","DONATIONS":"  150,000,000.00 "},{"ID":"FSDH","ORGANIZATION":"FSDH","DONATIONS":"  100,000,000.00 "},{"ID":"FBN MERCHANT BANK","ORGANIZATION":"FBN MERCHANT BANK","DONATIONS":"  100,000,000.00 "},{"ID":"RAND MERCHANT BANK","ORGANIZATION":"RAND MERCHANT BANK","DONATIONS":"  100,000,000.00 "},{"ID":"CORONATION MERCHANT BANK","ORGANIZATION":"CORONATION MERCHANT BANK","DONATIONS":"  100,000,000.00 "},{"ID":"SUNTRUST BANK","ORGANIZATION":"SUNTRUST BANK","DONATIONS":"  100,000,000.00 "},{"ID":"PROVIDUS BANK","ORGANIZATION":"PROVIDUS BANK","DONATIONS":"  100,000,000.00 "},{"ID":"WEMA BANK","ORGANIZATION":"WEMA BANK","DONATIONS":"  100,000,000.00 "},{"ID":"UNITY BANK","ORGANIZATION":"UNITY BANK","DONATIONS":"  100,000,000.00 "},{"ID":"HERITAGE BANK","ORGANIZATION":"HERITAGE BANK","DONATIONS":"  100,000,000.00 "},{"ID":"NOVA MERCHANT BANK","ORGANIZATION":"NOVA MERCHANT BANK","DONATIONS":"  100,000,000.00 "},{"ID":"POLARIS BANK","ORGANIZATION":"POLARIS BANK","DONATIONS":"  100,000,000.00 "},{"ID":"KEYSTONE BANK","ORGANIZATION":"KEYSTONE BANK","DONATIONS":"  100,000,000.00 "},{"ID":"KC GAMING NETWORKS LTD","ORGANIZATION":"KC GAMING NETWORKS LTD","DONATIONS":"  100,000,000.00 "},{"ID":"PORTS AND TERMINAL MULTI SERV LTD","ORGANIZATION":"PORTS AND TERMINAL MULTI SERV LTD","DONATIONS":"  100,000,000.00 "},{"ID":"PORTS AND CARGO HANDLING SERV","ORGANIZATION":"PORTS AND CARGO HANDLING SERV","DONATIONS":"  75,000,000.00 "},{"ID":"FIVE STAR LOGISTICS LIMITED","ORGANIZATION":"FIVE STAR LOGISTICS LIMITED","DONATIONS":"  75,000,000.00 "},{"ID":"ENL CONSORTIUM","ORGANIZATION":"ENL CONSORTIUM","DONATIONS":"  70,000,000.00 "},{"ID":"JOSEPDAM PORTS SERVICES NIG","ORGANIZATION":"JOSEPDAM PORTS SERVICES NIG","DONATIONS":"  60,000,000.00 "},{"ID":"SYSTEMSPECS LIMITED","ORGANIZATION":"SYSTEMSPECS LIMITED","DONATIONS":"  50,000,161.25 "},{"ID":"GLOBUS BANK","ORGANIZATION":"GLOBUS BANK","DONATIONS":"  50,000,000.00 "},{"ID":"TITAN TRUST BANK","ORGANIZATION":"TITAN TRUST BANK","DONATIONS":"  50,000,000.00 "},{"ID":"TAKAGRO CHEMICALS LTD","ORGANIZATION":"TAKAGRO CHEMICALS LTD","DONATIONS":"  50,000,000.00 "},{"ID":"ATIKU ABUBAKAR","ORGANIZATION":"ADAMA BEVERAGES LTD","DONATIONS":"  50,000,000.00 "},{"ID":"WA CONTAINERS TERMINAL","ORGANIZATION":"WA CONTAINERS TERMINAL","DONATIONS":"  50,000,000.00 "},{"ID":"PORTS AND TERMINAL","ORGANIZATION":"PORTS AND TERMINAL","DONATIONS":"  50,000,000.00 "},{"ID":"PASTOR W.F KUMUYI","ORGANIZATION":"DEEPER CHRISTIAN LIFE MINISTRY","DONATIONS":"  50,000,000.00 "},{"ID":"KAM WIRE LIMITED","ORGANIZATION":"KAM WIRE LIMITED","DONATIONS":"  30,000,000.00 "},{"ID":"DE DAMAK NIG LTD AUTOMOBILE","ORGANIZATION":"DE DAMAK NIG LTD AUTOMOBILE","DONATIONS":"  25,000,000.00 "},{"ID":"AHMADU MAHMOUD","ORGANIZATION":"AHMADU MAHMOUD","DONATIONS":"  20,000,000.00 "},{"ID":"CWAY","ORGANIZATION":"CWAY","DONATIONS":"  20,000,000.00 "},{"ID":"ADRON HOMES PROPERTIES LTD","ORGANIZATION":"ADRON HOMES PROPERTIES LTD","DONATIONS":"  20,000,000.00 "},{"ID":"EKEOMA EME EKEOMA","ORGANIZATION":"EKEOMA EME EKEOMA","DONATIONS":"  10,000,000.00 "},{"ID":"LADOL LOGISTICS LIMITED","ORGANIZATION":"LADOL LOGISTICS LIMITED","DONATIONS":"  10,000,000.00 "},{"ID":"GREENWICH TRUST LIMITED","ORGANIZATION":"GREENWICH TRUST LIMITED","DONATIONS":"  10,000,000.00 "},{"ID":"SIL CHEMICALS LIMITED","ORGANIZATION":"SIL CHEMICALS LIMITED","DONATIONS":"  10,000,000.00 "},{"ID":"ECN TERMINAL","ORGANIZATION":"ECN TERMINAL","DONATIONS":"  10,000,000.00 "},{"ID":"APAPA BULK TERMINAL","ORGANIZATION":"APAPA BULK TERMINAL","DONATIONS":"  10,000,000.00 "},{"ID":"COWRY ASSET MANAGEMENT LIMITED","ORGANIZATION":"COWRY ASSET MANAGEMENT LIMITED","DONATIONS":"  9,999,838.75 "},{"ID":"MRS. ETU FOUNDATION","ORGANIZATION":"HANDY CAPITAL LTD","DONATIONS":"  5,000,000.00 "},{"ID":"MECURE INDUSTRIES","ORGANIZATION":"MECURE INDUSTRIES","DONATIONS":"  5,000,000.00 "},{"ID":"COMET SHIPPING AGENCIES NIGERIA","ORGANIZATION":"COMET SHIPPING AGENCIES NIGERIA","DONATIONS":"  5,000,000.00 "},{"ID":"JUBALI BROTHERS LIMITED","ORGANIZATION":"JUBALI BROTHERS LIMITED","DONATIONS":"  4,000,000.00 "},{"ID":"ADG INTERNATIONAL RESOURCES LTD","ORGANIZATION":"ADG INTERNATIONAL RESOURCES LTD","DONATIONS":"  2,500,000.00 "},{"ID":"OCEAN LORDS LIMITED","ORGANIZATION":"OCEAN LORDS LIMITED","DONATIONS":"  2,000,000.00 "},{"ID":"NORRENBERGER INVESTMENT LIMITED","ORGANIZATION":"NORRENBERGER INVESTMENT LIMITED","DONATIONS":"  2,000,000.00 "},{"ID":"PROSHARENA LIMITED","ORGANIZATION":"PROSHARENA LIMITED","DONATIONS":"  1,000,000.00 "},{"ID":"FEW CHORE FINANCE COMPANY LIMITED","ORGANIZATION":"FEW CHORE FINANCE COMPANY LIMITED","DONATIONS":"  1,000,000.00 "},{"ID":"TARABAROZ FISHERIES LIMITED","ORGANIZATION":"TARABAROZ FISHERIES LIMITED","DONATIONS":"  594,451.25 "},{"ID":"ABAYOMI FOLORUNSHO","ORGANIZATION":"ABAYOMI FOLORUNSHO","DONATIONS":"  500,000.00 "},{"ID":"KANAKALA LAKSHPATHI NAIDU","ORGANIZATION":"NANDU KANAKALA","DONATIONS":"  100,698.75 "},{"ID":"USMAN AHMED","ORGANIZATION":"USMAN AHMED","DONATIONS":"  50,000.00 "},{"ID":"MANJI TABWAHAT LONGMUT","ORGANIZATION":"MANJI TABWAHAT LONGMUT","DONATIONS":"  10,000.00 "},{"ID":"JAYAKUMAR SELVAM","ORGANIZATION":"JAYAKUMAR SELVAM","DONATIONS":"  10,000.00 "},{"ID":"ANYAEHIE STANISLAUS IKECHUKWU","ORGANIZATION":"ANYAEHIE STANISLAUS IKECHUKWU","DONATIONS":"  10,000.00 "},{"ID":"FREDERICK KIGHA","ORGANIZATION":"FREDERICK KIGHA","DONATIONS":"  10,000.00 "},{"ID":"MR AND MRS OJO EDWARD OLUWAJOBA","ORGANIZATION":"MR & MRS OJO EDWARD OLUWAJOBA","DONATIONS":"  3,000.00 "},{"ID":"HAMZA MUHAMMAD KAMILA","ORGANIZATION":"HAMZA MUHAMMAD KAMBA","DONATIONS":"  2,000.00 "},{"ID":"KAMALU AMINU","ORGANIZATION":"KAMALU AMINU","DONATIONS":"  1,000.00 "},{"ID":"OLUWADAMILOLA","ORGANIZATION":"FAGUIYE","DONATIONS":"  1,000.00 "},{"ID":"MOHAMMED GHALI MUHAMMED","ORGANIZATION":"MOHAMMED GHALI MUHAMMED","DONATIONS":"  200.00 "},{"ID":"ADAMU YUSUF","ORGANIZATION":"ADAMU YUSUF","DONATIONS":"  100.00 "},{"ID":"UCHENDU COLLINS","ORGANIZATION":"UCHENDU COLLINS","DONATIONS":"  100.00 "},{"ID":"BASHIR AUWAL","ORGANIZATION":"BASHIR AUWAL","DONATIONS":"  60.00 "},{"ID":"BILAL ABDULSALAM","ORGANIZATION":"BILAL ABDULSALAM","DONATIONS":"  50.00 "},{"ID":"UMAR NAFIU USMAN","ORGANIZATION":"UMAR NAFIU USMAN","DONATIONS":"  50.00 "},{"ID":"SANI ALTO ISAH","ORGANIZATION":"SANI ALTO ISAH","DONATIONS":"  20.00 "},{"ID":"BASHIR SULAIMAN","ORGANIZATION":"BASHIR SULAIMAN","DONATIONS":"  20.00 "},{"ID":"ABUBAKAR SHEHU","ORGANIZATION":"ABUBAKAR SHEHU","DONATIONS":"  10.00 "},{"ID":"SANNI ZAKARIYYA","ORGANIZATION":"SANNI ZAKARIYYA","DONATIONS":"  10.00 "},{"ID":"IBRAHIM MOHD BELLO","ORGANIZATION":"IBRAHIM MOHD BELLO","DONATIONS":"  8.00 "},{"ID":"UDRIS MUHAMMAD","ORGANIZATION":"UDRIS MUHAMMAD","DONATIONS":"  5.00 "},{"ID":"ALHAJI MALLAM MUSA","ORGANIZATION":"ALHAJI MALLAM MUSA","DONATIONS":"  5.00 "},{"ID":"ABUBAKAR ISMAIL ABUBAKAR","ORGANIZATION":"ABUBAKAR ISMAIL ABUBAKAR","DONATIONS":"  2.00 "},{"ID":"BELLO SHUAIBU","ORGANIZATION":"BELLO SHUAIBU","DONATIONS":"  1.00 "},{"ID":"GH","ORGANIZATION":"GH","DONATIONS":"  1.00 "}]